_id,fish_name,indo_name,fish_id,phylum,order,family,scientific_name,desc,image,image_1,reference_1
657fdec94a1e984c107e7359,Tuna,Ikan Tuna,SA202306,Chordata,Perciformes,Scombridae,Thunnus sp.,"Tuna  (genus Thunnus) memiliki 7 jenis spesiess di antaranya:\r\n- (Thunnus thynnus) Northern Bluefin Tuna,\r\n- (Thunnus thynnus maccoyii) Southern Bluefin Tuna,\r\n- (Thunnus obesus) Bigeye Tuna,\r\n- (Thunnus Atlanticus) Blackfin Tuna,\r\n- (Thunnus tonggol) Longtail Tuna,\r\n- (Thunnus alalunga) Albacore,\r\n- (Thunnus albacares) Yellowfin Tuna.\r\nSpesies-spesies ini bervariasi dari ukuran sedang hingga sangat besar. Raksasa dalam kelompok ini adalah Northern Bluefin Tuna, yang tumbuh hingga panjang dan berat maksimum sekitar 4.3 meter dan 800 kg. \r\nTuna adalah ikan yang memiliki karakteristik bentuk yang memanjang, kokoh dan aerodinamis; memiliki tubuh bulat yang menyempit ke pangkal ekor yang ramping dan ekor berbentuk bercabang. Secara umum, tuna berwarna gelap di bagian atas dan berwarna perak did bagian bawah. Tuna hidup bermigrasi ke jarak jauh melintasi semua lautan di dunia dan menghuni perairan tropis, temperate, dan beberapa di perairan yang lebih dingin. Tuna memakan ikan, cumi-cumi, kerang, dan berbagai organisme planktonik.",https://storage.googleapis.com/fish-shorelife/data/fish_image/tuna/Ikan-Tuna.-ist.jpg,https://storage.googleapis.com/fish-shorelife/data/fish_image/tuna/Tuna.jpg ,"Britannica, T. Editors of Encyclopaedia (2023, September 14). tuna. Encyclopedia Britannica. https://www.britannica.com/animal/tuna-fish"
657fdec94a1e984c107e7354,Catfish,Ikan Lele,SA202301,Chordata,Teleostei,Clariidae,Clarias sp.,"Ikan lele sendiri merupakan salah satu jenis ikan konsumsi yang cukup digemari oleh masyarakat Indonesia. Selain memiliki rasa yang enak, Mungkin karena ikan ini juga memiliki manfaat yang baik bagi tubuh serta memiliki harga jual yang cukup terjangkau.\r\n\r\nDi Indonesia sendiri Lele memiliki nama yang berbeda tiap dareahnya, Seperti Kalimantan (ikan petet), Padang (ikan kalang), Makasar (ikan keling), Aceh (ikan maut), dan Jawa (ikan lele/lindi). Meskipun cukup populer di Indonesia, ternyata ikan berkumis ini bukan berasal dari Indonesia, melainkan berasal dari Afrika serta India yang lambat laun mulai menyebar ke seluruh dunia.\r\n\r\n1. Ikan lele umumnya memiliki warna tubuh hitam,cokelat, merah, serta albino.\r\n2. Ikan Lele mimiliki bentuk tubuh yang memanjang dengan bentuk yang agak bulat serta tidak memiliki sisik.\r\n3. Umumnya ikan lele memiliki kepala yang panjangnya hampir 1/4 dari panjang tubuhnya serta berbrentuk pipih kebawah.\r\n4. Pada bagian atas dan bawah kepalanya tertutup oleh tulang plat yang membentuk ruang rongga pada atas insang.\r\n5. Pada bagian mulut ikan lele terdapat gigi, gigi nyata, serta hanya berupa permukaan yang kasar pada mulut bagian depan.\r\n6. Ikan lele memiliki 4 pasang sungut, dimana 1 pasang sungut terlihat panjang dan kuat serta 3 pasang lainya memiliki ukuran yang lebih pendek.\r\n7. Sirip pada lele sangkuriang terdiri dari 3 sirip tunggal (sirip punggng, sirip dubur, serta sirip ekor) serta 2 sirip berpasangan (sirip perut serta sirip dada). Dimana sirip dada yang dimiliki lele sangkuriang memiliki bentuk runcing dan keras yang berfungsi sebagai alat bantu gerak serta untuk menjaga diri dari seranga predator.\r\n\r\n",https://storage.googleapis.com/fish-shorelife/data/fish_image/catfish/pakan%20lele.jpg,,"https://ikanpedia.my.id/klasifikasi-dan-morfologi-ikan-lele-clarias-sp/#:~:text=Ikan%20lele%20%28Clarias%20sp.%29%20merupakan%20jenis%20ikan%20air,dekat%20dengan%20ikan%20limbat%20serta%20ikan%20Clarias%20alluaudi."
657fdec94a1e984c107e7356,Pangaesius fish,Ikan Patin,SA202303,Chordata,Siluriformes,Pangasiidae,Pangasiidae sp.,"Ikan patin merupakan salah satu jenis ikan air tawar yang banyak dicari oleh masyarakat. Ikan ini banyak diminati sebagai menu kuliner karena memiliki kandungan lemak paling rendah jika dibanding jenis ikan lainnya. Di Indonesia, umumnya ikan bernama latin Pangasius djambal atau Pangasius nasutus ini hidup di sungai besar, muara sungai, dan perairan danau.\r\nMeski ukuran kepala ikan ini tergolong kecil, namun patin memiliki tubuh cukup besar memanjang. Bahkan dibeberapa penelitian disebutkan bahwa panjang tubuh ikan air tawar ini bisa mencapai 120 cm atau lebih dari satu meter. Ukuran tersebut termasuk besar untuk jenis ikan air tawar pada umumnya.",https://storage.googleapis.com/fish-shorelife/data/fish_image/pangasius/patin.jpg,,https://rimbakita.com/ikan-patin/
657fdec94a1e984c107e735a,Mackerel,Ikan Makerel,SA202307,Chordata,Perciformes,Scombridae,Scromber sp.,"Ikan Mackerel merupakan spesies ikan yang ramping dan hidup dengan berkelompok yang dapat ditemukan di perairan laut hangat dan tropis di seluruh dunia. Mackerel memiliki bentuk bulat dan menyerupai torpedo, dengan pangkal ekor yang ramping dan ekor yang bercabang. Panjang rata-rata sekitar 30 cm (12 inci) da memiliki warna biru di bagian punggung dan sisi perak di bawah, dengan serangkaian garis vertikal gelap yang berombak di sisi atas. Ikan ini memiliki dua sirip dorsal yang terpisah dengan baik dan dua kiel kecil di sisi pangkal ekor. Mackerel hidup dengan memakan plankton, krustasea, moluska, telur ikan dan ikan kecil. Mereka berkembang biak selama musim semi dan awal musim panas di sepanjang garis pantai. Telur mereka rata-rata berdiameter 1 mm (0.04 inci), mengapung, dan melayang di perairan.\r\n",https://storage.googleapis.com/fish-shorelife/data/fish_image/mackerel/makerel.jpg,,"Britannica, T. Editors of Encyclopaedia (2023, November 2). mackerel. Encyclopedia Britannica. https://www.britannica.com/animal/mackerel "
657fdec94a1e984c107e7358,Sardine,Ikan Sarden,SA202305,Chordata,Clupeiformes,Clupeidae,Sardinella sp.,"Ikan sarden terdiri dari beberapa spesies terkait, antara lain: Sardina pilchardus Walb di perairan Eropa, Sardinops caeruleus (Girard) di lepas pantai California, Sardinops ocellatus (Pappé) di lepas pantai Afrika Selatan dan masih banyak lagi. \r\nSarden memiliki panjang rata-rata sekitar 20 cm, dengan hidup secara berkelompok dan dapat hidup hingga 10 tahun. Warna tubuh ikan sarden dapat bervariasi, mulai dari biru kehijauan, hijau hingga perak. Ikan ini memiliki beberapa sirip diantaranya sirip dorsal, anal yang cenderung panjang, dan sirip pectoral. Sarden merupakan pemakan plankton dan organisme kecil seperti copepoda dan nauplius.",https://storage.googleapis.com/fish-shorelife/data/fish_image/sardine/sarden.jpg,,"D.H. Cushing, in Encyclopedia of Ocean Sciences (Second Edition), 2001"
