_id,content_name,content_id,fish_name,fish_id,content,references,references_2,image_tag
657fdde64a1e984c107e734c,Sistem Vaskular Tuna,CI202303,Ikan Tuna,SA202306,"Tuna memiliki sistem vaskular yang baik di bawah kulit yang berfungsi sebagai perangkat pengatur suhu yang terkait dengan renang lambat jangka panjang. Tuna memiliki suatu jaringan pembuluh darah yang kompleks dan sangat dikembangkan yang disebut ""rete mirabile"" atau ""jaringan ajaib"". Jaringan tersebut berada di sekitar otot rangka tuna, terutama otot-otot yang terlibat dalam proses pemanasan tubuh saat berenang.\nRete mirabile dapat memindahkan panas dari pembuluh darah vena ke pembuluh darah arteri untuk mengurangi pendinginan permukaan tubuh dan menjaga otot tetap hangat sehingga mampu berenang lebih cepat dengan energi yang lebih sedikit.  Sistem  ini berkemampuan mempertahankan suhu tubuh mereka di atas suhu air sekitar, seringkali antara 5 dan 12°C di atas suhu air sekitar.Beberapa otot bahkan dapat mencapai suhu hingga 21°C lebih tinggi dari air sekitar.","Bushnell, P. G., Jones, D. R., & Farrell, A. P. (1992). The Arterial System. The Cardiovascular System, 89–139. doi:10.1016/s1546-5098(08)60332-5","Britannica, T. Editors of Encyclopaedia (2023, December 8). tuna. Encyclopedia Britannica. https://www.britannica.com/animal/tuna-fish",https://storage.googleapis.com/fish-shorelife/data/fish_contents/content_images/CI202303_1.jpg
657fdde64a1e984c107e734b,Kandungan Ikan Sarden,CI202302,Ikan Sarden,SA202305,"Ikan sarden merupakan ikan yang banyak dikonsumsi oleh masyarakat Indonesia dalam berbagai bentuk olahan. Jenis ikan sarden yang terdapat di Indonesia adalah ikan lemuru (Sardinella lemuru). Ikan sarden adalah sumber nutrisi yang lengkap, kaya akan protein, omega-3, vitamin (D, B12, E), dan mineral (zat besi, kalsium, magnesium, kalium, zinc). Kandungan nutrisinya, termasuk asam lemak omega-3 seperti EPA dan DHA, memiliki berbagai manfaat, seperti meningkatkan fungsi otak, menurunkan kolesterol, mencegah kanker, dan memperlambat penuaan (Pandiangan dkk., 2023).\nMinyak ikan sarden, hasil samping dari pengolahan, memiliki potensi mengandung minyak ikan kaya PUFA, terutama omega-3. Kandungan omega-3 dalam minyak ikan sarden mencapai 47,53%, dengan EPA dan DHA sebagai komponen utama. Minyak ini memiliki peran penting dalam bidang kesehatan, gizi manusia, bahan pangan, dan produk farmasi (Pandiangan dkk., 2023).\nOlahan yang berbahan ikan sarden dan menyehatkan diantaranya ada tumis sarden dengan tempe, tumis sarden dengan wortel, dan spaghetti dengan ikan sarden. Olahan campuran dengan tempe, mampu mencegah kanker karena zat phytoestrogen pada tempe. Tempe juga dapat menjadi alternatif pengganti produk hewani untuk menjaga kadar kolesterol dalam tubuh.\n","Pandiangan, M., Daniela, C., Sihombing, D. R., & Daeli, W. K. (2023). Komposisi Kandungan Asam Lemak Pada Minyak Ikan Sarden (Sardinella sp.). Jurnal Riset Teknologi Pangan Dan Hasil Pertanian (RETIPA), 1-7",https://hellosehat.com/nutrisi/resep-sehat/resep-sarden-lebih-sehat/ ,https://storage.googleapis.com/fish-shorelife/data/fish_contents/content_images/CI202302_1.jpg
657fdde64a1e984c107e734a,Lele Terkecil di Dunia,CI202301,Ikan Lele,SA202301,"Ternyata lele Banjo (Bunocephalus coracoideus) adalah spesies ikan lele terkecil di dunia. Bentuknya yang mirip banjo, warnanya yang menarik, dan terdapat tanduk membuat spesies ini lebih dipelihara sebagai ikan hias dibandingkan ikan konsumsi. Ikan lele ini populer karena penampilannya yang aneh, memiliki kepala yang lebar dan tubuh yang ramping, sehingga bentuknya mirip gitar banjo. Ikan lele Banjo berasal dari daerah aliran Sungai Amazon dan umumnya ditemukan di anak sungai, danau, kolam, dan aliran hutan hujan, di mana ia lebih suka berada di substrat berlumpur, tersembunyi di bawah lapisan tebal serasah dan cabang yang jatuh, tetap diam dan tersembunyi.",https://a-z-animals.com/animals/banjo-catfish/,,https://storage.googleapis.com/fish-shorelife/data/fish_contents/content_images/CI202301_1.jpg
657fdde64a1e984c107e734e,Fish Schooling Makerel,CI202305,Ikan Makerel,SA202307,"Tahukah kalian bahwa ikan makarel memiliki perilaku hidup yang unik yaitu schooling. Fish schooling merupakan perilaku di mana sekelompok ikan bergerak bersama dan menjaga jarak tetap antara satu sama lain. Ini berarti bahwa ikan makarel hidup dengan berkelompok dan berenang dengan arah yang sama. Perilaku tersebut berfungsi untuk menghindari predator, mendeteksi dini dan membingungkan serangan dari predator. Selain itu, perilaku schooling diyakini meningkatkan kemampuan ikan untuk menemukan pasangan dan berhasil berkembang biak. Hampir sebagian besar ikan makarel merupakan ikan schooling.\nSalah satu contoh adalah mackerel Atlantik (Scomber scombrus). Ketika berkelompok, ikan mackerel Atlantik dapat membentuk formasi yang terkoordinasi dengan baik, memungkinkan mereka untuk bergerak bersama. Kelompok ikan makarel ini juga dapat membantu dalam menemukan sumber makanan yang melimpah, seperti plankton dan ikan kecil. Selain makarel, ikan yang memiliki perilaku schooling diantaranya ada ikan ikan sarden, ikan teri, ikan piranha, ikan tuna dan masih banyak lagi\n","Glass, C. W., Wardle, C. S., & Mojsiewicz, W. R. (1986). A light intensity threshold for schooling in the Atlantic mackerel, Scomber scombrus. Journal of Fish Biology, 29, 71-81",,https://storage.googleapis.com/fish-shorelife/data/fish_contents/content_images/CI202305_1.jpg
657fdde64a1e984c107e734f,Patin si Omnivora,CI202306,Ikan Patin,SA202303,"Ikan patin termasuk omnivora, artinya ikan ini akan memakan apapun yang mereka temukan di habitatnya mulai dari tumbuhan hingga ikan lain yang ukurannya lebih kecil. Namun saat tumbuh dewasa, Ikan ini lebih menyukai tumbuh-tumbuhan daripada ikan lain. Patin akan kehilangan semua giginya saat tumbuh dewasa. Hal ini diketahui terjadi pada jenis ikan Patin Mekong yang diketahui sebagai spesies Patin terbesar. Ikan patin kaya nutrisi penting untuk kesehatan tubuh. Beberapa di antaranya adalah kalori, lemak, protein, natrium, vitamin B12, selenium, fosfor, dan tiamin.","https://www.sukabumiupdate.com/berita/100164/fakta-menarik-ikan-patin-bisa-tumbuh-hingga-3-meter#:~:text=Baca%20Juga%20%3A%201%201.%20Bisa%20Tumbuh%20Hingga,...%203%203.%20Kehilangan%20Semua%20Gigi%20saat%20Dewasa",https://www.halodoc.com/artikel/ini-kandungan-nutrisi-yang-ada-dalam-ikan-patin,
